facility|National-102-1,job|11120512,1,National-102-1.11120512,establishment_period|norm2010
facility|National-102-1,job|11120514,1,National-102-1.11120514,establishment_period|norm2010
facility|National-102-1,job|11120520,1,National-102-1.11120520,establishment_period|norm2010
facility|National-102-1,job|11200106,1,National-102-1.11200106,establishment_period|norm2010
facility|National-102-1,job|11200205,1,National-102-1.11200205,establishment_period|norm2010
facility|National-102-1,job|13420101,1,National-102-1.13420101,establishment_period|norm2010
facility|National-102-1,job|13420102,1,National-102-1.13420102,establishment_period|norm2010
facility|National-102-1,job|13420102,1,National-102-1.13420102,establishment_period|norm2010
facility|National-102-1,job|13420103,1,National-102-1.13420103,establishment_period|norm2010
facility|National-102-1,job|13420103,2,National-102-1.13420103,establishment_period|norm2010
facility|National-102-1,job|13420103,1,National-102-1.13420103,establishment_period|norm2010
facility|National-102-1,job|21200202,1,National-102-1.21200202,establishment_period|norm2010
facility|National-102-1,job|21200203,1,National-102-1.21200203,establishment_period|norm2010
facility|National-102-1,job|21200302,1,National-102-1.21200302,establishment_period|norm2010
facility|National-102-1,job|21420101,1,National-102-1.21420101,establishment_period|norm2010
facility|National-102-1,job|21420102,2,National-102-1.21420102,establishment_period|norm2010
facility|National-102-1,job|21420103,2,National-102-1.21420103,establishment_period|norm2010
facility|National-102-1,job|21440102,1,National-102-1.21440102,establishment_period|norm2010
facility|National-102-1,job|21440103,1,National-102-1.21440103,establishment_period|norm2010
facility|National-102-1,job|21510101,1,National-102-1.21510101,establishment_period|norm2010
facility|National-102-1,job|21510102,2,National-102-1.21510102,establishment_period|norm2010
facility|National-102-1,job|21510103,3,National-102-1.21510103,establishment_period|norm2010
facility|National-102-1,job|21510104,6,National-102-1.21510104,establishment_period|norm2010
facility|National-102-1,job|22110102,3,National-102-1.22110102,establishment_period|norm2010
facility|National-102-1,job|22110103,1,National-102-1.22110103,establishment_period|norm2010
facility|National-102-1,job|22110103,1,National-102-1.22110103,establishment_period|norm2010
facility|National-102-1,job|22110103,3,National-102-1.22110103,establishment_period|norm2010
facility|National-102-1,job|22110103,6,National-102-1.22110103,establishment_period|norm2010
facility|National-102-1,job|22110103,12,National-102-1.22110103,establishment_period|norm2010
facility|National-102-1,job|22110103,3,National-102-1.22110103,establishment_period|norm2010
facility|National-102-1,job|22110103,3,National-102-1.22110103,establishment_period|norm2010
facility|National-102-1,job|22110103,16,National-102-1.22110103,establishment_period|norm2010
facility|National-102-1,job|22110103,5,National-102-1.22110103,establishment_period|norm2010
facility|National-102-1,job|22110103,5,National-102-1.22110103,establishment_period|norm2010
facility|National-102-1,job|22110103,4,National-102-1.22110103,establishment_period|norm2010
facility|National-102-1,job|22110103,2,National-102-1.22110103,establishment_period|norm2010
facility|National-102-1,job|22120101,4,National-102-1.22120101,establishment_period|norm2010
facility|National-102-1,job|22120102,5,National-102-1.22120102,establishment_period|norm2010
facility|National-102-1,job|22120103,15,National-102-1.22120103,establishment_period|norm2010
facility|National-102-1,job|22120201,1,National-102-1.22120201,establishment_period|norm2010
facility|National-102-1,job|22120202,1,National-102-1.22120202,establishment_period|norm2010
facility|National-102-1,job|22120203,3,National-102-1.22120203,establishment_period|norm2010
facility|National-102-1,job|22120301,7,National-102-1.22120301,establishment_period|norm2010
facility|National-102-1,job|22120302,7,National-102-1.22120302,establishment_period|norm2010
facility|National-102-1,job|22120303,8,National-102-1.22120303,establishment_period|norm2010
facility|National-102-1,job|22120401,1,National-102-1.22120401,establishment_period|norm2010
facility|National-102-1,job|22120402,5,National-102-1.22120402,establishment_period|norm2010
facility|National-102-1,job|22120403,5,National-102-1.22120403,establishment_period|norm2010
facility|National-102-1,job|22120501,1,National-102-1.22120501,establishment_period|norm2010
facility|National-102-1,job|22120502,2,National-102-1.22120502,establishment_period|norm2010
facility|National-102-1,job|22120503,3,National-102-1.22120503,establishment_period|norm2010
facility|National-102-1,job|22120601,1,National-102-1.22120601,establishment_period|norm2010
facility|National-102-1,job|22120602,3,National-102-1.22120602,establishment_period|norm2010
facility|National-102-1,job|22120603,8,National-102-1.22120603,establishment_period|norm2010
facility|National-102-1,job|22120701,1,National-102-1.22120701,establishment_period|norm2010
facility|National-102-1,job|22120702,2,National-102-1.22120702,establishment_period|norm2010
facility|National-102-1,job|22120703,3,National-102-1.22120703,establishment_period|norm2010
facility|National-102-1,job|22120801,3,National-102-1.22120801,establishment_period|norm2010
facility|National-102-1,job|22120802,4,National-102-1.22120802,establishment_period|norm2010
facility|National-102-1,job|22120803,8,National-102-1.22120803,establishment_period|norm2010
facility|National-102-1,job|22120901,3,National-102-1.22120901,establishment_period|norm2010
facility|National-102-1,job|22120902,4,National-102-1.22120902,establishment_period|norm2010
facility|National-102-1,job|22120903,7,National-102-1.22120903,establishment_period|norm2010
facility|National-102-1,job|22121001,3,National-102-1.22121001,establishment_period|norm2010
facility|National-102-1,job|22121002,4,National-102-1.22121002,establishment_period|norm2010
facility|National-102-1,job|22121003,8,National-102-1.22121003,establishment_period|norm2010
facility|National-102-1,job|22121101,2,National-102-1.22121101,establishment_period|norm2010
facility|National-102-1,job|22121102,3,National-102-1.22121102,establishment_period|norm2010
facility|National-102-1,job|22121103,5,National-102-1.22121103,establishment_period|norm2010
facility|National-102-1,job|22121201,1,National-102-1.22121201,establishment_period|norm2010
facility|National-102-1,job|22121202,1,National-102-1.22121202,establishment_period|norm2010
facility|National-102-1,job|22121203,2,National-102-1.22121203,establishment_period|norm2010
facility|National-102-1,job|22121301,1,National-102-1.22121301,establishment_period|norm2010
facility|National-102-1,job|22121302,1,National-102-1.22121302,establishment_period|norm2010
facility|National-102-1,job|22121303,2,National-102-1.22121303,establishment_period|norm2010
facility|National-102-1,job|22121402,1,National-102-1.22121402,establishment_period|norm2010
facility|National-102-1,job|22121403,1,National-102-1.22121403,establishment_period|norm2010
facility|National-102-1,job|22121502,1,National-102-1.22121502,establishment_period|norm2010
facility|National-102-1,job|22121502,1,National-102-1.22121502,establishment_period|norm2010
facility|National-102-1,job|22121503,1,National-102-1.22121503,establishment_period|norm2010
facility|National-102-1,job|22121702,1,National-102-1.22121702,establishment_period|norm2010
facility|National-102-1,job|22121802,1,National-102-1.22121802,establishment_period|norm2010
facility|National-102-1,job|22122003,1,National-102-1.22122003,establishment_period|norm2010
facility|National-102-1,job|22122302,1,National-102-1.22122302,establishment_period|norm2010
facility|National-102-1,job|22122402,1,National-102-1.22122402,establishment_period|norm2010
facility|National-102-1,job|22122503,2,National-102-1.22122503,establishment_period|norm2010
facility|National-102-1,job|22122603,2,National-102-1.22122603,establishment_period|norm2010
facility|National-102-1,job|22210101,1,National-102-1.22210101,establishment_period|norm2010
facility|National-102-1,job|22210102,8,National-102-1.22210102,establishment_period|norm2010
facility|National-102-1,job|22210103,36,National-102-1.22210103,establishment_period|norm2010
facility|National-102-1,job|22210104,676,National-102-1.22210104,establishment_period|norm2010
facility|National-102-1,job|22210202,1,National-102-1.22210202,establishment_period|norm2010
facility|National-102-1,job|22210203,10,National-102-1.22210203,establishment_period|norm2010
facility|National-102-1,job|22400101,1,National-102-1.22400101,establishment_period|norm2010
facility|National-102-1,job|22400102,2,National-102-1.22400102,establishment_period|norm2010
facility|National-102-1,job|22400103,0,National-102-1.22400103,establishment_period|norm2010
facility|National-102-1,job|22400201,1,National-102-1.22400201,establishment_period|norm2010
facility|National-102-1,job|22400202,1,National-102-1.22400202,establishment_period|norm2010
facility|National-102-1,job|22400203,2,National-102-1.22400203,establishment_period|norm2010
facility|National-102-1,job|22400301,1,National-102-1.22400301,establishment_period|norm2010
facility|National-102-1,job|22400302,23,National-102-1.22400302,establishment_period|norm2010
facility|National-102-1,job|22400303,0,National-102-1.22400303,establishment_period|norm2010
facility|National-102-1,job|22400501,1,National-102-1.22400501,establishment_period|norm2010
facility|National-102-1,job|22400502,4,National-102-1.22400502,establishment_period|norm2010
facility|National-102-1,job|22400502,7,National-102-1.22400502,establishment_period|norm2010
facility|National-102-1,job|22400503,2,National-102-1.22400503,establishment_period|norm2010
facility|National-102-1,job|22400801,2,National-102-1.22400801,establishment_period|norm2010
facility|National-102-1,job|22400802,7,National-102-1.22400802,establishment_period|norm2010
facility|National-102-1,job|22400803,7,National-102-1.22400803,establishment_period|norm2010
facility|National-102-1,job|22400803,1,National-102-1.22400803,establishment_period|norm2010
facility|National-102-1,job|22400901,1,National-102-1.22400901,establishment_period|norm2010
facility|National-102-1,job|22400902,2,National-102-1.22400902,establishment_period|norm2010
facility|National-102-1,job|22400903,3,National-102-1.22400903,establishment_period|norm2010
facility|National-102-1,job|22400903,3,National-102-1.22400903,establishment_period|norm2010
facility|National-102-1,job|22400904,1,National-102-1.22400904,establishment_period|norm2010
facility|National-102-1,job|22400904,1,National-102-1.22400904,establishment_period|norm2010
facility|National-102-1,job|22610102,2,National-102-1.22610102,establishment_period|norm2010
facility|National-102-1,job|22610103,6,National-102-1.22610103,establishment_period|norm2010
facility|National-102-1,job|22611101,1,National-102-1.22611101,establishment_period|norm2010
facility|National-102-1,job|22611102,1,National-102-1.22611102,establishment_period|norm2010
facility|National-102-1,job|22611103,2,National-102-1.22611103,establishment_period|norm2010
facility|National-102-1,job|22620101,1,National-102-1.22620101,establishment_period|norm2010
facility|National-102-1,job|22620102,2,National-102-1.22620102,establishment_period|norm2010
facility|National-102-1,job|22620103,5,National-102-1.22620103,establishment_period|norm2010
facility|National-102-1,job|22620201,1,National-102-1.22620201,establishment_period|norm2010
facility|National-102-1,job|22620202,5,National-102-1.22620202,establishment_period|norm2010
facility|National-102-1,job|22620203,28,National-102-1.22620203,establishment_period|norm2010
facility|National-102-1,job|22630102,1,National-102-1.22630102,establishment_period|norm2010
facility|National-102-1,job|22640101,1,National-102-1.22640101,establishment_period|norm2010
facility|National-102-1,job|22640102,4,National-102-1.22640102,establishment_period|norm2010
facility|National-102-1,job|22640103,10,National-102-1.22640103,establishment_period|norm2010
facility|National-102-1,job|22650102,1,National-102-1.22650102,establishment_period|norm2010
facility|National-102-1,job|22650103,1,National-102-1.22650103,establishment_period|norm2010
facility|National-102-1,job|22650203,1,National-102-1.22650203,establishment_period|norm2010
facility|National-102-1,job|22660202,1,National-102-1.22660202,establishment_period|norm2010
facility|National-102-1,job|22660203,1,National-102-1.22660203,establishment_period|norm2010
facility|National-102-1,job|22690101,1,National-102-1.22690101,establishment_period|norm2010
facility|National-102-1,job|22690102,1,National-102-1.22690102,establishment_period|norm2010
facility|National-102-1,job|22690103,2,National-102-1.22690103,establishment_period|norm2010
facility|National-102-1,job|24110101,1,National-102-1.24110101,establishment_period|norm2010
facility|National-102-1,job|24110102,2,National-102-1.24110102,establishment_period|norm2010
facility|National-102-1,job|24110103,3,National-102-1.24110103,establishment_period|norm2010
facility|National-102-1,job|24110201,1,National-102-1.24110201,establishment_period|norm2010
facility|National-102-1,job|24110202,1,National-102-1.24110202,establishment_period|norm2010
facility|National-102-1,job|24110203,2,National-102-1.24110203,establishment_period|norm2010
facility|National-102-1,job|24110204,1,National-102-1.24110204,establishment_period|norm2010
facility|National-102-1,job|25120102,1,National-102-1.25120102,establishment_period|norm2010
facility|National-102-1,job|26220104,1,National-102-1.26220104,establishment_period|norm2010
facility|National-102-1,job|26310101,1,National-102-1.26310101,establishment_period|norm2010
facility|National-102-1,job|26310103,1,National-102-1.26310103,establishment_period|norm2010
facility|National-102-1,job|26350101,1,National-102-1.26350101,establishment_period|norm2010
facility|National-102-1,job|26350102,1,National-102-1.26350102,establishment_period|norm2010
facility|National-102-1,job|26350103,3,National-102-1.26350103,establishment_period|norm2010
facility|National-102-1,job|26350103,1,National-102-1.26350103,establishment_period|norm2010
facility|National-102-1,job|26350203,1,National-102-1.26350203,establishment_period|norm2010
facility|National-102-1,job|31120101,3,National-102-1.31120101,establishment_period|norm2010
facility|National-102-1,job|31130101,1,National-102-1.31130101,establishment_period|norm2010
facility|National-102-1,job|31130101,1,National-102-1.31130101,establishment_period|norm2010
facility|National-102-1,job|31320402,2,National-102-1.31320402,establishment_period|norm2010
facility|National-102-1,job|31410102,1,National-102-1.31410102,establishment_period|norm2010
facility|National-102-1,job|31410103,1,National-102-1.31410103,establishment_period|norm2010
facility|National-102-1,job|32110104,1,National-102-1.32110104,establishment_period|norm2010
facility|National-102-1,job|32110105,8,National-102-1.32110105,establishment_period|norm2010
facility|National-102-1,job|32110105,4,National-102-1.32110105,establishment_period|norm2010
facility|National-102-1,job|32110105,1,National-102-1.32110105,establishment_period|norm2010
facility|National-102-1,job|32110106,1,National-102-1.32110106,establishment_period|norm2010
facility|National-102-1,job|32110106,20,National-102-1.32110106,establishment_period|norm2010
facility|National-102-1,job|32110202,1,National-102-1.32110202,establishment_period|norm2010
facility|National-102-1,job|32110401,1,National-102-1.32110401,establishment_period|norm2010
facility|National-102-1,job|32120301,1,National-102-1.32120301,establishment_period|norm2010
facility|National-102-1,job|32120302,9,National-102-1.32120302,establishment_period|norm2010
facility|National-102-1,job|32120303,38,National-102-1.32120303,establishment_period|norm2010
facility|National-102-1,job|32120305,2,National-102-1.32120305,establishment_period|norm2010
facility|National-102-1,job|32120402,1,National-102-1.32120402,establishment_period|norm2010
facility|National-102-1,job|32120403,12,National-102-1.32120403,establishment_period|norm2010
facility|National-102-1,job|32140101,2,National-102-1.32140101,establishment_period|norm2010
facility|National-102-1,job|32140103,4,National-102-1.32140103,establishment_period|norm2010
facility|National-102-1,job|32140105,1,National-102-1.32140105,establishment_period|norm2010
facility|National-102-1,job|32140106,2,National-102-1.32140106,establishment_period|norm2010
facility|National-102-1,job|32140201,1,National-102-1.32140201,establishment_period|norm2010
facility|National-102-1,job|32210101,6,National-102-1.32210101,establishment_period|norm2010
facility|National-102-1,job|32210102,212,National-102-1.32210102,establishment_period|norm2010
facility|National-102-1,job|32220101,6,National-102-1.32220101,establishment_period|norm2010
facility|National-102-1,job|32220102,115,National-102-1.32220102,establishment_period|norm2010
facility|National-102-1,job|32510103,2,National-102-1.32510103,establishment_period|norm2010
facility|National-102-1,job|32510201,1,National-102-1.32510201,establishment_period|norm2010
facility|National-102-1,job|32510202,4,National-102-1.32510202,establishment_period|norm2010
facility|National-102-1,job|32510203,2,National-102-1.32510203,establishment_period|norm2010
facility|National-102-1,job|32520102,1,National-102-1.32520102,establishment_period|norm2010
facility|National-102-1,job|32520103,1,National-102-1.32520103,establishment_period|norm2010
facility|National-102-1,job|32520104,4,National-102-1.32520104,establishment_period|norm2010
facility|National-102-1,job|32520105,6,National-102-1.32520105,establishment_period|norm2010
facility|National-102-1,job|32520106,44,National-102-1.32520106,establishment_period|norm2010
facility|National-102-1,job|32520402,1,National-102-1.32520402,establishment_period|norm2010
facility|National-102-1,job|32520403,2,National-102-1.32520403,establishment_period|norm2010
facility|National-102-1,job|32520405,2,National-102-1.32520405,establishment_period|norm2010
facility|National-102-1,job|32530102,1,National-102-1.32530102,establishment_period|norm2010
facility|National-102-1,job|32530103,1,National-102-1.32530103,establishment_period|norm2010
facility|National-102-1,job|32570103,1,National-102-1.32570103,establishment_period|norm2010
facility|National-102-1,job|33130102,1,National-102-1.33130102,establishment_period|norm2010
facility|National-102-1,job|33130103,7,National-102-1.33130103,establishment_period|norm2010
facility|National-102-1,job|33130104,18,National-102-1.33130104,establishment_period|norm2010
facility|National-102-1,job|33230101,1,National-102-1.33230101,establishment_period|norm2010
facility|National-102-1,job|33230102,1,National-102-1.33230102,establishment_period|norm2010
facility|National-102-1,job|33230103,1,National-102-1.33230103,establishment_period|norm2010
facility|National-102-1,job|33230104,0,National-102-1.33230104,establishment_period|norm2010
facility|National-102-1,job|33230301,1,National-102-1.33230301,establishment_period|norm2010
facility|National-102-1,job|33230302,1,National-102-1.33230302,establishment_period|norm2010
facility|National-102-1,job|33410101,1,National-102-1.33410101,establishment_period|norm2010
facility|National-102-1,job|33410102,1,National-102-1.33410102,establishment_period|norm2010
facility|National-102-1,job|33410103,2,National-102-1.33410103,establishment_period|norm2010
facility|National-102-1,job|33410104,2,National-102-1.33410104,establishment_period|norm2010
facility|National-102-1,job|33410201,1,National-102-1.33410201,establishment_period|norm2010
facility|National-102-1,job|33410201,1,National-102-1.33410201,establishment_period|norm2010
facility|National-102-1,job|33410202,2,National-102-1.33410202,establishment_period|norm2010
facility|National-102-1,job|33410202,1,National-102-1.33410202,establishment_period|norm2010
facility|National-102-1,job|33410202,3,National-102-1.33410202,establishment_period|norm2010
facility|National-102-1,job|33410202,1,National-102-1.33410202,establishment_period|norm2010
facility|National-102-1,job|33410202,3,National-102-1.33410202,establishment_period|norm2010
facility|National-102-1,job|35110101,3,National-102-1.35110101,establishment_period|norm2010
facility|National-102-1,job|35110101,1,National-102-1.35110101,establishment_period|norm2010
facility|National-102-1,job|41200102,1,National-102-1.41200102,establishment_period|norm2010
facility|National-102-1,job|41200103,3,National-102-1.41200103,establishment_period|norm2010
facility|National-102-1,job|41310103,14,National-102-1.41310103,establishment_period|norm2010
facility|National-102-1,job|41310103,1,National-102-1.41310103,establishment_period|norm2010
facility|National-102-1,job|41310103,1,National-102-1.41310103,establishment_period|norm2010
facility|National-102-1,job|41310103,1,National-102-1.41310103,establishment_period|norm2010
facility|National-102-1,job|41310201,7,National-102-1.41310201,establishment_period|norm2010
facility|National-102-1,job|41310201,1,National-102-1.41310201,establishment_period|norm2010
facility|National-102-1,job|41310201,1,National-102-1.41310201,establishment_period|norm2010
facility|National-102-1,job|41310201,1,National-102-1.41310201,establishment_period|norm2010
facility|National-102-1,job|41310202,8,National-102-1.41310202,establishment_period|norm2010
facility|National-102-1,job|41310202,1,National-102-1.41310202,establishment_period|norm2010
facility|National-102-1,job|41310202,1,National-102-1.41310202,establishment_period|norm2010
facility|National-102-1,job|41310202,1,National-102-1.41310202,establishment_period|norm2010
facility|National-102-1,job|42230101,1,National-102-1.42230101,establishment_period|norm2010
facility|National-102-1,job|42230102,2,National-102-1.42230102,establishment_period|norm2010
facility|National-102-1,job|42230103,6,National-102-1.42230103,establishment_period|norm2010
facility|National-102-1,job|43210101,1,National-102-1.43210101,establishment_period|norm2010
facility|National-102-1,job|43210102,3,National-102-1.43210102,establishment_period|norm2010
facility|National-102-1,job|43210103,6,National-102-1.43210103,establishment_period|norm2010
facility|National-102-1,job|43210104,24,National-102-1.43210104,establishment_period|norm2010
facility|National-102-1,job|43220102,5,National-102-1.43220102,establishment_period|norm2010
facility|National-102-1,job|44160101,1,National-102-1.44160101,establishment_period|norm2010
facility|National-102-1,job|44160102,2,National-102-1.44160102,establishment_period|norm2010
facility|National-102-1,job|44160103,2,National-102-1.44160103,establishment_period|norm2010
facility|National-102-1,job|51200101,1,National-102-1.51200101,establishment_period|norm2010
facility|National-102-1,job|51200102,1,National-102-1.51200102,establishment_period|norm2010
facility|National-102-1,job|51200103,1,National-102-1.51200103,establishment_period|norm2010
facility|National-102-1,job|51200104,5,National-102-1.51200104,establishment_period|norm2010
facility|National-102-1,job|51310101,10,National-102-1.51310101,establishment_period|norm2010
facility|National-102-1,job|51510101,1,National-102-1.51510101,establishment_period|norm2010
facility|National-102-1,job|51510102,1,National-102-1.51510102,establishment_period|norm2010
facility|National-102-1,job|51510103,1,National-102-1.51510103,establishment_period|norm2010
facility|National-102-1,job|51630102,1,National-102-1.51630102,establishment_period|norm2010
facility|National-102-1,job|51630103,3,National-102-1.51630103,establishment_period|norm2010
facility|National-102-1,job|53210101,0,National-102-1.53210101,establishment_period|norm2010
facility|National-102-1,job|53210103,10,National-102-1.53210103,establishment_period|norm2010
facility|National-102-1,job|53210104,6,National-102-1.53210104,establishment_period|norm2010
facility|National-102-1,job|53210202,22,National-102-1.53210202,establishment_period|norm2010
facility|National-102-1,job|53290101,5,National-102-1.53290101,establishment_period|norm2010
facility|National-102-1,job|53290102,6,National-102-1.53290102,establishment_period|norm2010
facility|National-102-1,job|53290103,5,National-102-1.53290103,establishment_period|norm2010
facility|National-102-1,job|53290104,6,National-102-1.53290104,establishment_period|norm2010
facility|National-102-1,job|53290105,3,National-102-1.53290105,establishment_period|norm2010
facility|National-102-1,job|54140103,80,National-102-1.54140103,establishment_period|norm2010
facility|National-102-1,job|54140202,1,National-102-1.54140202,establishment_period|norm2010
facility|National-102-1,job|54140203,2,National-102-1.54140203,establishment_period|norm2010
facility|National-102-1,job|54140204,4,National-102-1.54140204,establishment_period|norm2010
facility|National-102-1,job|61230104,1,National-102-1.61230104,establishment_period|norm2010
facility|National-102-1,job|61230106,0,National-102-1.61230106,establishment_period|norm2010
facility|National-102-1,job|71120101,2,National-102-1.71120101,establishment_period|norm2010
facility|National-102-1,job|71150102,9,National-102-1.71150102,establishment_period|norm2010
facility|National-102-1,job|71150102,7,National-102-1.71150102,establishment_period|norm2010
facility|National-102-1,job|71260101,2,National-102-1.71260101,establishment_period|norm2010
facility|National-102-1,job|72130102,2,National-102-1.72130102,establishment_period|norm2010
facility|National-102-1,job|72130102,12,National-102-1.72130102,establishment_period|norm2010
facility|National-102-1,job|73110102,9,National-102-1.73110102,establishment_period|norm2010
facility|National-102-1,job|73180101,5,National-102-1.73180101,establishment_period|norm2010
facility|National-102-1,job|73230101,1,National-102-1.73230101,establishment_period|norm2010
facility|National-102-1,job|74110101,5,National-102-1.74110101,establishment_period|norm2010
facility|National-102-1,job|74120101,8,National-102-1.74120101,establishment_period|norm2010
facility|National-102-1,job|75230101,2,National-102-1.75230101,establishment_period|norm2010
facility|National-102-1,job|75230102,3,National-102-1.75230102,establishment_period|norm2010
facility|National-102-1,job|81320101,4,National-102-1.81320101,establishment_period|norm2010
facility|National-102-1,job|81530101,2,National-102-1.81530101,establishment_period|norm2010
facility|National-102-1,job|83220101,30,National-102-1.83220101,establishment_period|norm2010
facility|National-102-1,job|83220101,3,National-102-1.83220101,establishment_period|norm2010
facility|National-102-1,job|83220101,1,National-102-1.83220101,establishment_period|norm2010
facility|National-102-1,job|83440101,1,National-102-1.83440101,establishment_period|norm2010
facility|National-102-1,job|91120101,5,National-102-1.91120101,establishment_period|norm2010
facility|National-102-1,job|91120101,2,National-102-1.91120101,establishment_period|norm2010
facility|National-102-1,job|91120101,2,National-102-1.91120101,establishment_period|norm2010
facility|National-102-1,job|91120101,1,National-102-1.91120101,establishment_period|norm2010
facility|National-102-1,job|91120101,1,National-102-1.91120101,establishment_period|norm2010
facility|National-102-1,job|91120101,1,National-102-1.91120101,establishment_period|norm2010
facility|National-102-1,job|91120101,1,National-102-1.91120101,establishment_period|norm2010
facility|National-102-1,job|91120101,1,National-102-1.91120101,establishment_period|norm2010
facility|National-102-1,job|91120101,1,National-102-1.91120101,establishment_period|norm2010
facility|National-102-1,job|91120101,1,National-102-1.91120101,establishment_period|norm2010
facility|National-102-1,job|91120101,1,National-102-1.91120101,establishment_period|norm2010
facility|National-102-1,job|91120101,2,National-102-1.91120101,establishment_period|norm2010
facility|National-102-1,job|91120101,1,National-102-1.91120101,establishment_period|norm2010
facility|National-102-1,job|91120101,1,National-102-1.91120101,establishment_period|norm2010
facility|National-102-1,job|91120101,1,National-102-1.91120101,establishment_period|norm2010
facility|National-102-1,job|91120101,1,National-102-1.91120101,establishment_period|norm2010
facility|National-102-1,job|91120101,1,National-102-1.91120101,establishment_period|norm2010
facility|National-102-1,job|91120101,1,National-102-1.91120101,establishment_period|norm2010
facility|National-102-1,job|91120101,2,National-102-1.91120101,establishment_period|norm2010
facility|National-102-1,job|91120101,1,National-102-1.91120101,establishment_period|norm2010
facility|National-102-1,job|91120101,1,National-102-1.91120101,establishment_period|norm2010
facility|National-102-1,job|91120101,1,National-102-1.91120101,establishment_period|norm2010
facility|National-102-1,job|91120101,1,National-102-1.91120101,establishment_period|norm2010
facility|National-102-1,job|91120101,2,National-102-1.91120101,establishment_period|norm2010
facility|National-102-1,job|91120101,1,National-102-1.91120101,establishment_period|norm2010
facility|National-102-1,job|91120101,3,National-102-1.91120101,establishment_period|norm2010
facility|National-102-1,job|91120101,2,National-102-1.91120101,establishment_period|norm2010
facility|National-102-1,job|91120102,32,National-102-1.91120102,establishment_period|norm2010
facility|National-102-1,job|91120102,1,National-102-1.91120102,establishment_period|norm2010
facility|National-102-1,job|91210101,10,National-102-1.91210101,establishment_period|norm2010
facility|National-102-1,job|91220101,5,National-102-1.91220101,establishment_period|norm2010
facility|National-102-1,job|94120101,16,National-102-1.94120101,establishment_period|norm2010
facility|National-102-1,job|94120102,6,National-102-1.94120102,establishment_period|norm2010
facility|National-102-1,job|96110101,10,National-102-1.96110101,establishment_period|norm2010
facility|National-102-1,job|96110101,16,National-102-1.96110101,establishment_period|norm2010
facility|National-102-1,job|96110101,6,National-102-1.96110101,establishment_period|norm2010
facility|National-102-1,job|96290102,2,National-102-1.96290102,establishment_period|norm2010
facility|National-102-1,job|21110202,2,National-102-1.21110202,establishment_period|norm2010
facility|National-102-2,job|11120512,1,National-102-2.11120512,establishment_period|norm2010
facility|National-102-2,job|11200106,1,National-102-2.11200106,establishment_period|norm2010
facility|National-102-2,job|11200205,1,National-102-2.11200205,establishment_period|norm2010
facility|National-102-2,job|13420101,1,National-102-2.13420101,establishment_period|norm2010
facility|National-102-2,job|13420102,1,National-102-2.13420102,establishment_period|norm2010
facility|National-102-2,job|13420103,1,National-102-2.13420103,establishment_period|norm2010
facility|National-102-2,job|21200303,1,National-102-2.21200303,establishment_period|norm2010
facility|National-102-2,job|21510103,1,National-102-2.21510103,establishment_period|norm2010
facility|National-102-2,job|22110103,9,National-102-2.22110103,establishment_period|norm2010
facility|National-102-2,job|22120201,3,National-102-2.22120201,establishment_period|norm2010
facility|National-102-2,job|22120202,4,National-102-2.22120202,establishment_period|norm2010
facility|National-102-2,job|22120203,7,National-102-2.22120203,establishment_period|norm2010
facility|National-102-2,job|22121103,1,National-102-2.22121103,establishment_period|norm2010
facility|National-102-2,job|22210101,1,National-102-2.22210101,establishment_period|norm2010
facility|National-102-2,job|22210102,2,National-102-2.22210102,establishment_period|norm2010
facility|National-102-2,job|22210103,9,National-102-2.22210103,establishment_period|norm2010
facility|National-102-2,job|22210104,51,National-102-2.22210104,establishment_period|norm2010
facility|National-102-2,job|22400103,1,National-102-2.22400103,establishment_period|norm2010
facility|National-102-2,job|22400201,1,National-102-2.22400201,establishment_period|norm2010
facility|National-102-2,job|22400202,3,National-102-2.22400202,establishment_period|norm2010
facility|National-102-2,job|22400203,2,National-102-2.22400203,establishment_period|norm2010
facility|National-102-2,job|22400303,1,National-102-2.22400303,establishment_period|norm2010
facility|National-102-2,job|22400501,0,National-102-2.22400501,establishment_period|norm2010
facility|National-102-2,job|22400502,2,National-102-2.22400502,establishment_period|norm2010
facility|National-102-2,job|22400503,2,National-102-2.22400503,establishment_period|norm2010
facility|National-102-2,job|22400802,0,National-102-2.22400802,establishment_period|norm2010
facility|National-102-2,job|22400803,1,National-102-2.22400803,establishment_period|norm2010
facility|National-102-2,job|22401201,1,National-102-2.22401201,establishment_period|norm2010
facility|National-102-2,job|22401202,1,National-102-2.22401202,establishment_period|norm2010
facility|National-102-2,job|22401203,1,National-102-2.22401203,establishment_period|norm2010
facility|National-102-2,job|22610103,1,National-102-2.22610103,establishment_period|norm2010
facility|National-102-2,job|22620101,1,National-102-2.22620101,establishment_period|norm2010
facility|National-102-2,job|22620102,1,National-102-2.22620102,establishment_period|norm2010
facility|National-102-2,job|22620103,1,National-102-2.22620103,establishment_period|norm2010
facility|National-102-2,job|22620202,2,National-102-2.22620202,establishment_period|norm2010
facility|National-102-2,job|22620203,3,National-102-2.22620203,establishment_period|norm2010
facility|National-102-2,job|22690102,1,National-102-2.22690102,establishment_period|norm2010
facility|National-102-2,job|22690103,1,National-102-2.22690103,establishment_period|norm2010
facility|National-102-2,job|24110102,1,National-102-2.24110102,establishment_period|norm2010
facility|National-102-2,job|24110103,1,National-102-2.24110103,establishment_period|norm2010
facility|National-102-2,job|24110202,1,National-102-2.24110202,establishment_period|norm2010
facility|National-102-2,job|24110203,1,National-102-2.24110203,establishment_period|norm2010
facility|National-102-2,job|26350101,1,National-102-2.26350101,establishment_period|norm2010
facility|National-102-2,job|26350102,1,National-102-2.26350102,establishment_period|norm2010
facility|National-102-2,job|26350103,1,National-102-2.26350103,establishment_period|norm2010
facility|National-102-2,job|32110105,1,National-102-2.32110105,establishment_period|norm2010
facility|National-102-2,job|32110106,1,National-102-2.32110106,establishment_period|norm2010
facility|National-102-2,job|32120301,1,National-102-2.32120301,establishment_period|norm2010
facility|National-102-2,job|32120302,1,National-102-2.32120302,establishment_period|norm2010
facility|National-102-2,job|32120303,1,National-102-2.32120303,establishment_period|norm2010
facility|National-102-2,job|32120305,2,National-102-2.32120305,establishment_period|norm2010
facility|National-102-2,job|32120403,2,National-102-2.32120403,establishment_period|norm2010
facility|National-102-2,job|32210202,90,National-102-2.32210202,establishment_period|norm2010
facility|National-102-2,job|32510103,2,National-102-2.32510103,establishment_period|norm2010
facility|National-102-2,job|32520102,0,National-102-2.32520102,establishment_period|norm2010
facility|National-102-2,job|32520103,1,National-102-2.32520103,establishment_period|norm2010
facility|National-102-2,job|32520106,0,National-102-2.32520106,establishment_period|norm2010
facility|National-102-2,job|32520403,4,National-102-2.32520403,establishment_period|norm2010
facility|National-102-2,job|32520405,0,National-102-2.32520405,establishment_period|norm2010
facility|National-102-2,job|32530402,1,National-102-2.32530402,establishment_period|norm2010
facility|National-102-2,job|32530403,1,National-102-2.32530403,establishment_period|norm2010
facility|National-102-2,job|33130103,2,National-102-2.33130103,establishment_period|norm2010
facility|National-102-2,job|33130104,4,National-102-2.33130104,establishment_period|norm2010
facility|National-102-2,job|33230102,1,National-102-2.33230102,establishment_period|norm2010
facility|National-102-2,job|33230103,1,National-102-2.33230103,establishment_period|norm2010
facility|National-102-2,job|33410103,1,National-102-2.33410103,establishment_period|norm2010
facility|National-102-2,job|33410105,1,National-102-2.33410105,establishment_period|norm2010
facility|National-102-2,job|41200102,1,National-102-2.41200102,establishment_period|norm2010
facility|National-102-2,job|41310103,1,National-102-2.41310103,establishment_period|norm2010
facility|National-102-2,job|41310103,2,National-102-2.41310103,establishment_period|norm2010
facility|National-102-2,job|41310103,1,National-102-2.41310103,establishment_period|norm2010
facility|National-102-2,job|41310201,2,National-102-2.41310201,establishment_period|norm2010
facility|National-102-2,job|42230102,1,National-102-2.42230102,establishment_period|norm2010
facility|National-102-2,job|42230103,1,National-102-2.42230103,establishment_period|norm2010
facility|National-102-2,job|43210101,1,National-102-2.43210101,establishment_period|norm2010
facility|National-102-2,job|43210102,1,National-102-2.43210102,establishment_period|norm2010
facility|National-102-2,job|43210103,0,National-102-2.43210103,establishment_period|norm2010
facility|National-102-2,job|43210104,2,National-102-2.43210104,establishment_period|norm2010
facility|National-102-2,job|44160102,1,National-102-2.44160102,establishment_period|norm2010
facility|National-102-2,job|44160103,1,National-102-2.44160103,establishment_period|norm2010
facility|National-102-2,job|51200103,1,National-102-2.51200103,establishment_period|norm2010
facility|National-102-2,job|51200104,1,National-102-2.51200104,establishment_period|norm2010
facility|National-102-2,job|51200106,24,National-102-2.51200106,establishment_period|norm2010
facility|National-102-2,job|53210103,65,National-102-2.53210103,establishment_period|norm2010
facility|National-102-2,job|53290103,3,National-102-2.53290103,establishment_period|norm2010
facility|National-102-2,job|53290104,2,National-102-2.53290104,establishment_period|norm2010
facility|National-102-2,job|54140103,42,National-102-2.54140103,establishment_period|norm2010
facility|National-102-2,job|54140203,1,National-102-2.54140203,establishment_period|norm2010
facility|National-102-2,job|71150102,1,National-102-2.71150102,establishment_period|norm2010
facility|National-102-2,job|71260103,1,National-102-2.71260103,establishment_period|norm2010
facility|National-102-2,job|81320101,1,National-102-2.81320101,establishment_period|norm2010
facility|National-102-2,job|81530101,2,National-102-2.81530101,establishment_period|norm2010
facility|National-102-2,job|83220101,7,National-102-2.83220101,establishment_period|norm2010
facility|National-102-2,job|91110101,4,National-102-2.91110101,establishment_period|norm2010
facility|National-102-2,job|91120101,4,National-102-2.91120101,establishment_period|norm2010
facility|National-102-2,job|91120102,1,National-102-2.91120102,establishment_period|norm2010
facility|National-102-2,job|91210101,6,National-102-2.91210101,establishment_period|norm2010
facility|National-102-2,job|91220101,1,National-102-2.91220101,establishment_period|norm2010
facility_type|Ministry,job|11120201,1,Ministry.11120201,establishment_period|norm2010
facility_type|Ministry,job|83220101,1,Ministry.83220101,establishment_period|norm2010
facility_type|Ministry,job|41200103,1,Ministry.41200103,establishment_period|norm2010
facility_type|Ministry,job|24110103,2,Ministry.24110103,establishment_period|norm2010
facility_type|Ministry,job|33130104,15,Ministry.33130104,establishment_period|norm2010
facility_type|Ministry,job|11120501,1,Ministry.11120501,establishment_period|norm2010
facility_type|Ministry,job|91120101,2,Ministry.91120101,establishment_period|norm2010
facility_type|Ministry,job|41310103,1,Ministry.41310103,establishment_period|norm2010
facility_type|Ministry,job|24110102,1,Ministry.24110102,establishment_period|norm2010
facility_type|Ministry,job|33130103,7,Ministry.33130103,establishment_period|norm2010
facility_type|Ministry,job|54140103,3,Ministry.54140103,establishment_period|norm2010
facility_type|Ministry,job|11120505,1,Ministry.11120505,establishment_period|norm2010
facility_type|Ministry,job|33430103,2,Ministry.33430103,establishment_period|norm2010
facility_type|Ministry,job|83220101,2,Ministry.83220101,establishment_period|norm2010
facility_type|Ministry,job|53290114,1,Ministry.53290114,establishment_period|norm2010
facility_type|Ministry,job|91120101,3,Ministry.91120101,establishment_period|norm2010
facility_type|Ministry,job|41310103,1,Ministry.41310103,establishment_period|norm2010
facility_type|Ministry,job|33430101,1,Ministry.33430101,establishment_period|norm2010
facility_type|Ministry,job|33410102,1,Ministry.33410102,establishment_period|norm2010
facility_type|Ministry,job|33430102,1,Ministry.33430102,establishment_period|norm2010
facility_type|Ministry,job|33410201,1,Ministry.33410201,establishment_period|norm2010
facility_type|Ministry,job|22400502,1,Ministry.22400502,establishment_period|norm2010
facility_type|Ministry,job|43210103,1,Ministry.43210103,establishment_period|norm2010
facility_type|Ministry,job|42230103,2,Ministry.42230103,establishment_period|norm2010
facility_type|Ministry,job|91220101,1,Ministry.91220101,establishment_period|norm2010
facility_type|Ministry,job|35110102,2,Ministry.35110102,establishment_period|norm2010
facility_type|Ministry,job|83220101,3,Ministry.83220101,establishment_period|norm2010
facility_type|Ministry,job|21310203,1,Ministry.21310203,establishment_period|norm2010
facility_type|Ministry,job|22650103,1,Ministry.22650103,establishment_period|norm2010
facility_type|Ministry,job|91120101,1,Ministry.91120101,establishment_period|norm2010
facility_type|Ministry,job|41310202,1,Ministry.41310202,establishment_period|norm2010
facility_type|Ministry,job|22110101,1,Ministry.22110101,establishment_period|norm2010
facility_type|Ministry,job|22110102,3,Ministry.22110102,establishment_period|norm2010
facility_type|Ministry,job|22210103,2,Ministry.22210103,establishment_period|norm2010
facility_type|Ministry,job|11120508,1,Ministry.11120508,establishment_period|norm2010
facility_type|Ministry,job|83220101,1,Ministry.83220101,establishment_period|norm2010
facility_type|Ministry,job|91120101,2,Ministry.91120101,establishment_period|norm2010
facility_type|Ministry,job|41310201,1,Ministry.41310201,establishment_period|norm2010
facility_type|Ministry,job|41310202,1,Ministry.41310202,establishment_period|norm2010
facility_type|Ministry,job|24240102,2,Ministry.24240102,establishment_period|norm2010
facility_type|Ministry,job|24240103,3,Ministry.24240103,establishment_period|norm2010
facility_type|Ministry,job|11120502,1,Ministry.11120502,establishment_period|norm2010
facility_type|Ministry,job|26310103,1,Ministry.26310103,establishment_period|norm2010
facility_type|Ministry,job|26310101,1,Ministry.26310101,establishment_period|norm2010
facility_type|Ministry,job|12110202,1,Ministry.12110202,establishment_period|norm2010
facility_type|Ministry,job|26310102,1,Ministry.26310102,establishment_period|norm2010
facility_type|Ministry,job|32120305,1,Ministry.32120305,establishment_period|norm2010
facility_type|Ministry,job|91120101,1,Ministry.91120101,establishment_period|norm2010
facility_type|Ministry,job|21310101,1,Ministry.21310101,establishment_period|norm2010
facility_type|Ministry,job|21310602,1,Ministry.21310602,establishment_period|norm2010
facility_type|Ministry,job|32120302,1,Ministry.32120302,establishment_period|norm2010
facility_type|Ministry,job|21310603,1,Ministry.21310603,establishment_period|norm2010
facility_type|Ministry,job|11120503,1,Ministry.11120503,establishment_period|norm2010
facility_type|Ministry,job|83220101,5,Ministry.83220101,establishment_period|norm2010
facility_type|Ministry,job|91120101,3,Ministry.91120101,establishment_period|norm2010
facility_type|Ministry,job|41310103,1,Ministry.41310103,establishment_period|norm2010
facility_type|Ministry,job|22110101,3,Ministry.22110101,establishment_period|norm2010
facility_type|Ministry,job|22650101,1,Ministry.22650101,establishment_period|norm2010
facility_type|Ministry,job|22400502,2,Ministry.22400502,establishment_period|norm2010
facility_type|Ministry,job|32570102,1,Ministry.32570102,establishment_period|norm2010
facility_type|Ministry,job|22110102,4,Ministry.22110102,establishment_period|norm2010
facility_type|Ministry,job|22210103,1,Ministry.22210103,establishment_period|norm2010
facility_type|Ministry,job|22650102,1,Ministry.22650102,establishment_period|norm2010
facility_type|Ministry,job|41310201,1,Ministry.41310201,establishment_period|norm2010
facility_type|Ministry,job|11120401,1,Ministry.11120401,establishment_period|norm2010
facility_type|Ministry,job|83220101,1,Ministry.83220101,establishment_period|norm2010
facility_type|Ministry,job|91120101,1,Ministry.91120101,establishment_period|norm2010
facility_type|Ministry,job|41200103,1,Ministry.41200103,establishment_period|norm2010
facility_type|Ministry,job|22120102,2,Ministry.22120102,establishment_period|norm2010
facility_type|Ministry,job|22121002,1,Ministry.22121002,establishment_period|norm2010
facility_type|Ministry,job|22120302,1,Ministry.22120302,establishment_period|norm2010
facility_type|Ministry,job|22110103,107,Ministry.22110103,establishment_period|norm2010
facility_type|Ministry,job|22120103,9,Ministry.22120103,establishment_period|norm2010
facility_type|Ministry,job|22120101,2,Ministry.22120101,establishment_period|norm2010
facility_type|Ministry,job|22610102,1,Ministry.22610102,establishment_period|norm2010
facility_type|Ministry,job|11120402,1,Ministry.11120402,establishment_period|norm2010
facility_type|Ministry,job|83220101,1,Ministry.83220101,establishment_period|norm2010
facility_type|Ministry,job|91120101,1,Ministry.91120101,establishment_period|norm2010
facility_type|Ministry,job|41200103,1,Ministry.41200103,establishment_period|norm2010
facility_type|Ministry,job|22610102,1,Ministry.22610102,establishment_period|norm2010
facility_type|Ministry,job|22210103,1,Ministry.22210103,establishment_period|norm2010
facility_type|Ministry,job|11120523,1,Ministry.11120523,establishment_period|norm2010
facility_type|Ministry,job|11120403,1,Ministry.11120403,establishment_period|norm2010
facility_type|Ministry,job|83220101,2,Ministry.83220101,establishment_period|norm2010
facility_type|Ministry,job|91120101,1,Ministry.91120101,establishment_period|norm2010
facility_type|Ministry,job|41310103,1,Ministry.41310103,establishment_period|norm2010
facility_type|Ministry,job|41200103,1,Ministry.41200103,establishment_period|norm2010
facility_type|Ministry,job|41310201,1,Ministry.41310201,establishment_period|norm2010
facility_type|Ministry,job|11120512,1,Ministry.11120512,establishment_period|norm2010
facility_type|Ministry,job|11120404,1,Ministry.11120404,establishment_period|norm2010
facility_type|Ministry,job|22210102,1,Ministry.22210102,establishment_period|norm2010
facility_type|Ministry,job|22210101,1,Ministry.22210101,establishment_period|norm2010
facility_type|Ministry,job|11120516,1,Ministry.11120516,establishment_period|norm2010
facility_type|Ministry,job|11120405,1,Ministry.11120405,establishment_period|norm2010
facility_type|Ministry,job|11200108,1,Ministry.11200108,establishment_period|norm2010
facility_type|Ministry,job|83220101,1,Ministry.83220101,establishment_period|norm2010
facility_type|Ministry,job|91120101,1,Ministry.91120101,establishment_period|norm2010
facility_type|Ministry,job|41200103,1,Ministry.41200103,establishment_period|norm2010
facility_type|Ministry,job|11120517,1,Ministry.11120517,establishment_period|norm2010
facility_type|Ministry,job|11120406,1,Ministry.11120406,establishment_period|norm2010
facility_type|Ministry,job|83220101,1,Ministry.83220101,establishment_period|norm2010
facility_type|Ministry,job|91120101,1,Ministry.91120101,establishment_period|norm2010
facility_type|Ministry,job|41200103,1,Ministry.41200103,establishment_period|norm2010
facility_type|Ministry,job|22110101,1,Ministry.22110101,establishment_period|norm2010
facility_type|Ministry,job|11120518,1,Ministry.11120518,establishment_period|norm2010
facility_type|Ministry,job|83220101,2,Ministry.83220101,establishment_period|norm2010
facility_type|Ministry,job|91120101,1,Ministry.91120101,establishment_period|norm2010
facility_type|Ministry,job|41310103,1,Ministry.41310103,establishment_period|norm2010
facility_type|Ministry,job|22110101,2,Ministry.22110101,establishment_period|norm2010
facility_type|Ministry,job|22210102,2,Ministry.22210102,establishment_period|norm2010
facility_type|Ministry,job|22110102,2,Ministry.22110102,establishment_period|norm2010
facility_type|Ministry,job|22650102,1,Ministry.22650102,establishment_period|norm2010
facility_type|Ministry,job|41310201,1,Ministry.41310201,establishment_period|norm2010
facility_type|Ministry,job|11120203,1,Ministry.11120203,establishment_period|norm2010
facility_type|Ministry,job|83220101,1,Ministry.83220101,establishment_period|norm2010
facility_type|Ministry,job|91120101,1,Ministry.91120101,establishment_period|norm2010
facility_type|Ministry,job|41310103,1,Ministry.41310103,establishment_period|norm2010
facility_type|Ministry,job|41200103,1,Ministry.41200103,establishment_period|norm2010
facility_type|Ministry,job|11200401,1,Ministry.11200401,establishment_period|norm2010
facility_type|Ministry,job|11200402,1,Ministry.11200402,establishment_period|norm2010
facility_type|Ministry,job|11200403,1,Ministry.11200403,establishment_period|norm2010
facility_type|Ministry,job|11200404,1,Ministry.11200404,establishment_period|norm2010
facility_type|Ministry,job|11120202,1,Ministry.11120202,establishment_period|norm2010
facility_type|Ministry,job|83220101,1,Ministry.83220101,establishment_period|norm2010
facility_type|Ministry,job|91120101,1,Ministry.91120101,establishment_period|norm2010
facility_type|Ministry,job|41200103,1,Ministry.41200103,establishment_period|norm2010
facility_type|Ministry,job|11200301,1,Ministry.11200301,establishment_period|norm2010
facility_type|Ministry,job|11200302,1,Ministry.11200302,establishment_period|norm2010
facility_type|Ministry,job|11200303,1,Ministry.11200303,establishment_period|norm2010
facility_type|Ministry,job|11200304,1,Ministry.11200304,establishment_period|norm2010
facility_type|Ministry,job|83220101,1,Ministry.83220101,establishment_period|norm2010
facility_type|Ministry,job|91120101,1,Ministry.91120101,establishment_period|norm2010
facility_type|Ministry,job|41310103,1,Ministry.41310103,establishment_period|norm2010
facility_type|Ministry,job|22110101,1,Ministry.22110101,establishment_period|norm2010
facility_type|Ministry,job|22110102,1,Ministry.22110102,establishment_period|norm2010
facility_type|Ministry,job|22640102,1,Ministry.22640102,establishment_period|norm2010
facility_type|Ministry,job|11120506,1,Ministry.11120506,establishment_period|norm2010
facility_type|Ministry,job|21420203,2,Ministry.21420203,establishment_period|norm2010
facility_type|Ministry,job|83220101,3,Ministry.83220101,establishment_period|norm2010
facility_type|Ministry,job|22630203,0,Ministry.22630203,establishment_period|norm2010
facility_type|Ministry,job|26320201,1,Ministry.26320201,establishment_period|norm2010
facility_type|Ministry,job|32570103,0,Ministry.32570103,establishment_period|norm2010
facility_type|Ministry,job|91120101,1,Ministry.91120101,establishment_period|norm2010
facility_type|Ministry,job|41310202,1,Ministry.41310202,establishment_period|norm2010
facility_type|Ministry,job|22630201,1,Ministry.22630201,establishment_period|norm2010
facility_type|Ministry,job|32570101,1,Ministry.32570101,establishment_period|norm2010
facility_type|Ministry,job|21420202,1,Ministry.21420202,establishment_period|norm2010
facility_type|Ministry,job|22630202,2,Ministry.22630202,establishment_period|norm2010
facility_type|Ministry,job|22630201,1,Ministry.22630201,establishment_period|norm2010
facility_type|Ministry,job|32570101,1,Ministry.32570101,establishment_period|norm2010
facility_type|Ministry,job|41320102,1,Ministry.41320102,establishment_period|norm2010
facility_type|Ministry,job|83220101,1,Ministry.83220101,establishment_period|norm2010
facility_type|Ministry,job|91120101,1,Ministry.91120101,establishment_period|norm2010
facility_type|Ministry,job|41310103,1,Ministry.41310103,establishment_period|norm2010
facility_type|Ministry,job|32570101,1,Ministry.32570101,establishment_period|norm2010
facility_type|Ministry,job|22110101,1,Ministry.22110101,establishment_period|norm2010
facility_type|Ministry,job|22110102,1,Ministry.22110102,establishment_period|norm2010
facility_type|Ministry,job|12130201,1,Ministry.12130201,establishment_period|norm2010
facility_type|Ministry,job|12130202,1,Ministry.12130202,establishment_period|norm2010
facility_type|Ministry,job|11120507,1,Ministry.11120507,establishment_period|norm2010
facility_type|Ministry,job|26510101,1,Ministry.26510101,establishment_period|norm2010
facility_type|Ministry,job|83220101,1,Ministry.83220101,establishment_period|norm2010
facility_type|Ministry,job|91120101,1,Ministry.91120101,establishment_period|norm2010
facility_type|Ministry,job|41310202,1,Ministry.41310202,establishment_period|norm2010
facility_type|Ministry,job|32530201,1,Ministry.32530201,establishment_period|norm2010
facility_type|Ministry,job|32530202,6,Ministry.32530202,establishment_period|norm2010
facility_type|Ministry,job|26320102,1,Ministry.26320102,establishment_period|norm2010
facility_type|Ministry,job|11120510,1,Ministry.11120510,establishment_period|norm2010
facility_type|Ministry,job|91120101,1,Ministry.91120101,establishment_period|norm2010
facility_type|Ministry,job|41310202,1,Ministry.41310202,establishment_period|norm2010
facility_type|Ministry,job|21510101,1,Ministry.21510101,establishment_period|norm2010
facility_type|Ministry,job|21420202,1,Ministry.21420202,establishment_period|norm2010
facility_type|Ministry,job|11120504,1,Ministry.11120504,establishment_period|norm2010
facility_type|Ministry,job|83220101,2,Ministry.83220101,establishment_period|norm2010
facility_type|Ministry,job|91120101,1,Ministry.91120101,establishment_period|norm2010
facility_type|Ministry,job|41310202,1,Ministry.41310202,establishment_period|norm2010
facility_type|Ministry,job|22610101,1,Ministry.22610101,establishment_period|norm2010
facility_type|Ministry,job|22110101,2,Ministry.22110101,establishment_period|norm2010
facility_type|Ministry,job|22210102,1,Ministry.22210102,establishment_period|norm2010
facility_type|Ministry,job|22110102,3,Ministry.22110102,establishment_period|norm2010
facility_type|Ministry,job|11120511,1,Ministry.11120511,establishment_period|norm2010
facility_type|Ministry,job|83220101,1,Ministry.83220101,establishment_period|norm2010
facility_type|Ministry,job|24110203,2,Ministry.24110203,establishment_period|norm2010
facility_type|Ministry,job|24110201,1,Ministry.24110201,establishment_period|norm2010
facility_type|Ministry,job|24110202,1,Ministry.24110202,establishment_period|norm2010
facility_type|Ministry,job|35110102,1,Ministry.35110102,establishment_period|norm2010
facility_type|Ministry,job|83220101,3,Ministry.83220101,establishment_period|norm2010
facility_type|Ministry,job|22630203,1,Ministry.22630203,establishment_period|norm2010
facility_type|Ministry,job|22110103,2,Ministry.22110103,establishment_period|norm2010
facility_type|Ministry,job|91120101,1,Ministry.91120101,establishment_period|norm2010
facility_type|Ministry,job|41310103,1,Ministry.41310103,establishment_period|norm2010
facility_type|Ministry,job|22110101,1,Ministry.22110101,establishment_period|norm2010
facility_type|Ministry,job|61230102,1,Ministry.61230102,establishment_period|norm2010
facility_type|Ministry,job|32120302,1,Ministry.32120302,establishment_period|norm2010
facility_type|Ministry,job|22110102,2,Ministry.22110102,establishment_period|norm2010
facility_type|Ministry,job|54140103,5,Ministry.54140103,establishment_period|norm2010
facility_type|Ministry,job|51200106,2,Ministry.51200106,establishment_period|norm2010
facility_type|Ministry,job|91210101,2,Ministry.91210101,establishment_period|norm2010
facility_type|Ministry,job|83220101,4,Ministry.83220101,establishment_period|norm2010
facility_type|Ministry,job|74110101,1,Ministry.74110101,establishment_period|norm2010
facility_type|Ministry,job|24240104,1,Ministry.24240104,establishment_period|norm2010
facility_type|Ministry,job|94120101,9,Ministry.94120101,establishment_period|norm2010
facility_type|Ministry,job|53290114,1,Ministry.53290114,establishment_period|norm2010
facility_type|Ministry,job|91120101,3,Ministry.91120101,establishment_period|norm2010
facility_type|Ministry,job|33410104,1,Ministry.33410104,establishment_period|norm2010
facility_type|Ministry,job|41310103,2,Ministry.41310103,establishment_period|norm2010
facility_type|Ministry,job|71260101,1,Ministry.71260101,establishment_period|norm2010
facility_type|Ministry,job|22110101,1,Ministry.22110101,establishment_period|norm2010
facility_type|Ministry,job|22210102,1,Ministry.22210102,establishment_period|norm2010
facility_type|Ministry,job|24240103,2,Ministry.24240103,establishment_period|norm2010
facility_type|Ministry,job|22110102,2,Ministry.22110102,establishment_period|norm2010
facility_type|Ministry,job|83220101,3,Ministry.83220101,establishment_period|norm2010
facility_type|Ministry,job|91120101,3,Ministry.91120101,establishment_period|norm2010
facility_type|Ministry,job|96210201,3,Ministry.96210201,establishment_period|norm2010
facility_type|Ministry,job|41200101,2,Ministry.41200101,establishment_period|norm2010
facility_type|Ministry,job|33430102,3,Ministry.33430102,establishment_period|norm2010
facility_type|Ministry,job|41200102,3,Ministry.41200102,establishment_period|norm2010
facility_type|Ministry,job|83220101,4,Ministry.83220101,establishment_period|norm2010
facility_type|Ministry,job|91120101,1,Ministry.91120101,establishment_period|norm2010
facility_type|Ministry,job|41200103,1,Ministry.41200103,establishment_period|norm2010
facility_type|Ministry,job|21310604,1,Ministry.21310604,establishment_period|norm2010
facility_type|Ministry,job|21310604,1,Ministry.21310604,establishment_period|norm2010
facility_type|Ministry,job|21310604,4,Ministry.21310604,establishment_period|norm2010
facility_type|Ministry,job|11120523,1,Ministry.11120523,establishment_period|norm2010
facility_type|Ministry,job|83220101,1,Ministry.83220101,establishment_period|norm2010
facility_type|Ministry,job|91120101,1,Ministry.91120101,establishment_period|norm2010
facility_type|Ministry,job|41310103,1,Ministry.41310103,establishment_period|norm2010
facility_type|Ministry,job|22110101,1,Ministry.22110101,establishment_period|norm2010
facility_type|Ministry,job|22110102,1,Ministry.22110102,establishment_period|norm2010
facility_type|Ministry,job|11120509,1,Ministry.11120509,establishment_period|norm2010
facility_type|Ministry,job|32520403,2,Ministry.32520403,establishment_period|norm2010
facility_type|Ministry,job|91120101,3,Ministry.91120101,establishment_period|norm2010
facility_type|Ministry,job|44160103,3,Ministry.44160103,establishment_period|norm2010
facility_type|Ministry,job|41310202,1,Ministry.41310202,establishment_period|norm2010
facility_type|Ministry,job|32520405,2,Ministry.32520405,establishment_period|norm2010
facility_type|Ministry,job|32520203,1,Ministry.32520203,establishment_period|norm2010
facility_type|Ministry,job|32520402,0,Ministry.32520402,establishment_period|norm2010
facility_type|Ministry,job|44160104,1,Ministry.44160104,establishment_period|norm2010
facility_type|Ministry,job|44160102,1,Ministry.44160102,establishment_period|norm2010
facility_type|Ministry,job|32520404,2,Ministry.32520404,establishment_period|norm2010
facility_type|Ministry,job|11120515,1,Ministry.11120515,establishment_period|norm2010
facility_type|Ministry,job|22620101,1,Ministry.22620101,establishment_period|norm2010
facility_type|Ministry,job|22620102,1,Ministry.22620102,establishment_period|norm2010
facility_type|Ministry,job|11120516,1,Ministry.11120516,establishment_period|norm2010
facility_type|Ministry,job|35110102,1,Ministry.35110102,establishment_period|norm2010
facility_type|Ministry,job|83220101,2,Ministry.83220101,establishment_period|norm2010
facility_type|Ministry,job|91120101,2,Ministry.91120101,establishment_period|norm2010
facility_type|Ministry,job|41310202,1,Ministry.41310202,establishment_period|norm2010
facility_type|Ministry,job|26310101,1,Ministry.26310101,establishment_period|norm2010
facility_type|Ministry,job|32530201,1,Ministry.32530201,establishment_period|norm2010
facility_type|Ministry,job|12130201,1,Ministry.12130201,establishment_period|norm2010
facility_type|Ministry,job|12130202,4,Ministry.12130202,establishment_period|norm2010
facility_type|Ministry,job|24220101,1,Ministry.24220101,establishment_period|norm2010
facility_type|Ministry,job|24220102,1,Ministry.24220102,establishment_period|norm2010
facility_type|Ministry,job|33230104,1,Ministry.33230104,establishment_period|norm2010
facility_type|Ministry,job|33230103,2,Ministry.33230103,establishment_period|norm2010
facility_type|Ministry,job|33230102,1,Ministry.33230102,establishment_period|norm2010
facility_type|Ministry,job|83220101,1,Ministry.83220101,establishment_period|norm2010
facility_type|Ministry,job|91120101,1,Ministry.91120101,establishment_period|norm2010
facility_type|Ministry,job|11120101,1,Ministry.11120101,establishment_period|norm2010
facility_type|Ministry,job|41200102,1,Ministry.41200102,establishment_period|norm2010
facility_type|Ministry,job|11120519,1,Ministry.11120519,establishment_period|norm2010
facility_type|Ministry,job|35110102,1,Ministry.35110102,establishment_period|norm2010
facility_type|Ministry,job|83220101,1,Ministry.83220101,establishment_period|norm2010
facility_type|Ministry,job|91120101,1,Ministry.91120101,establishment_period|norm2010
facility_type|Ministry,job|41310202,1,Ministry.41310202,establishment_period|norm2010
facility_type|Ministry,job|21200101,1,Ministry.21200101,establishment_period|norm2010
facility_type|Ministry,job|61230101,1,Ministry.61230101,establishment_period|norm2010
facility_type|Ministry,job|21310201,1,Ministry.21310201,establishment_period|norm2010
facility_type|Ministry,job|21200102,1,Ministry.21200102,establishment_period|norm2010
facility_type|Ministry,job|21310202,1,Ministry.21310202,establishment_period|norm2010
facility_type|Ministry,job|26220202,1,Ministry.26220202,establishment_period|norm2010
facility_type|Ministry,job|21200303,1,Ministry.21200303,establishment_period|norm2010
facility_type|Ministry,job|11120521,1,Ministry.11120521,establishment_period|norm2010
facility_type|Ministry,job|83220101,1,Ministry.83220101,establishment_period|norm2010
facility_type|Ministry,job|91120101,1,Ministry.91120101,establishment_period|norm2010
facility_type|Ministry,job|41310202,1,Ministry.41310202,establishment_period|norm2010
facility_type|Ministry,job|21200101,1,Ministry.21200101,establishment_period|norm2010
facility_type|Ministry,job|21310202,1,Ministry.21310202,establishment_period|norm2010
facility_type|Ministry,job|21200303,1,Ministry.21200303,establishment_period|norm2010
facility_type|Ministry,job|83220101,1,Ministry.83220101,establishment_period|norm2010
facility_type|Ministry,job|32120305,1,Ministry.32120305,establishment_period|norm2010
facility_type|Ministry,job|32120303,1,Ministry.32120303,establishment_period|norm2010
facility_type|Ministry,job|91120101,1,Ministry.91120101,establishment_period|norm2010
facility_type|Ministry,job|41310103,1,Ministry.41310103,establishment_period|norm2010
facility_type|Ministry,job|32120301,1,Ministry.32120301,establishment_period|norm2010
facility_type|Ministry,job|22110101,1,Ministry.22110101,establishment_period|norm2010
facility_type|Ministry,job|35210103,1,Ministry.35210103,establishment_period|norm2010
facility_type|Ministry,job|32120302,1,Ministry.32120302,establishment_period|norm2010
facility_type|Ministry,job|22110102,6,Ministry.22110102,establishment_period|norm2010
facility_type|Ministry,job|43210104,1,Ministry.43210104,establishment_period|norm2010
facility_type|Ministry,job|33230203,0,Ministry.33230203,establishment_period|norm2010
facility_type|Ministry,job|11120522,1,Ministry.11120522,establishment_period|norm2010
facility_type|Ministry,job|35110102,1,Ministry.35110102,establishment_period|norm2010
facility_type|Ministry,job|33230204,1,Ministry.33230204,establishment_period|norm2010
facility_type|Ministry,job|71270103,4,Ministry.71270103,establishment_period|norm2010
facility_type|Ministry,job|83220101,8,Ministry.83220101,establishment_period|norm2010
facility_type|Ministry,job|21510104,1,Ministry.21510104,establishment_period|norm2010
facility_type|Ministry,job|91120101,2,Ministry.91120101,establishment_period|norm2010
facility_type|Ministry,job|41310103,1,Ministry.41310103,establishment_period|norm2010
facility_type|Ministry,job|41310202,1,Ministry.41310202,establishment_period|norm2010
facility_type|Ministry,job|22110101,1,Ministry.22110101,establishment_period|norm2010
facility_type|Ministry,job|35210103,2,Ministry.35210103,establishment_period|norm2010
facility_type|Ministry,job|61230102,1,Ministry.61230102,establishment_period|norm2010
facility_type|Ministry,job|22110102,1,Ministry.22110102,establishment_period|norm2010
facility_type|Ministry,job|22210103,2,Ministry.22210103,establishment_period|norm2010
facility_type|Ministry,job|83220101,1,Ministry.83220101,establishment_period|norm2010
facility_type|Ministry,job|91120101,1,Ministry.91120101,establishment_period|norm2010
facility_type|Ministry,job|41310201,1,Ministry.41310201,establishment_period|norm2010
facility_type|Ministry,job|11120301,1,Ministry.11120301,establishment_period|norm2010
facility_type|Ministry,job|11120523,1,Ministry.11120523,establishment_period|norm2010
facility_type|Ministry,job|83220101,2,Ministry.83220101,establishment_period|norm2010
facility_type|Ministry,job|61230103,5,Ministry.61230103,establishment_period|norm2010
facility_type|Ministry,job|91120101,2,Ministry.91120101,establishment_period|norm2010
facility_type|Ministry,job|41310202,1,Ministry.41310202,establishment_period|norm2010
facility_type|Ministry,job|61230101,1,Ministry.61230101,establishment_period|norm2010
facility_type|Ministry,job|22110101,1,Ministry.22110101,establishment_period|norm2010
facility_type|Ministry,job|61230102,1,Ministry.61230102,establishment_period|norm2010
facility_type|Ministry,job|22110102,1,Ministry.22110102,establishment_period|norm2010
facility_type|Ministry,job|71120101,2,Ministry.71120101,establishment_period|norm2010
facility_type|Ministry,job|83220101,1,Ministry.83220101,establishment_period|norm2010
facility_type|Ministry,job|21420204,2,Ministry.21420204,establishment_period|norm2010
facility_type|Ministry,job|31120203,0,Ministry.31120203,establishment_period|norm2010
facility_type|Ministry,job|41310103,1,Ministry.41310103,establishment_period|norm2010
facility_type|Ministry,job|21440302,1,Ministry.21440302,establishment_period|norm2010
facility_type|Ministry,job|43210103,1,Ministry.43210103,establishment_period|norm2010
facility_type|Ministry,job|31120203,5,Ministry.31120203,establishment_period|norm2010
facility_type|Ministry,job|91120101,3,Ministry.91120101,establishment_period|norm2010
facility|Sectoral-102-4,job|11200108,1,Sectoral-102-4.11200108,establishment_period|norm2010
facility|Sectoral-102-4,job|22110101,6,Sectoral-102-4.22110101,establishment_period|norm2010
facility|Sectoral-102-4,job|32120301,1,Sectoral-102-4.32120301,establishment_period|norm2010
facility|Sectoral-102-4,job|26310101,1,Sectoral-102-4.26310101,establishment_period|norm2010
facility|Sectoral-102-4,job|32120102,1,Sectoral-102-4.32120102,establishment_period|norm2010
facility|Sectoral-102-4,job|33430101,1,Sectoral-102-4.33430101,establishment_period|norm2010
facility|Sectoral-102-4,job|24110102,1,Sectoral-102-4.24110102,establishment_period|norm2010
facility|Sectoral-102-4,job|24110103,1,Sectoral-102-4.24110103,establishment_period|norm2010
facility|Sectoral-102-4,job|24110203,1,Sectoral-102-4.24110203,establishment_period|norm2010
facility|Sectoral-102-4,job|33230103,1,Sectoral-102-4.33230103,establishment_period|norm2010
facility|Sectoral-102-4,job|44160102,1,Sectoral-102-4.44160102,establishment_period|norm2010
facility|Sectoral-102-4,job|25220102,1,Sectoral-102-4.25220102,establishment_period|norm2010
facility|Sectoral-102-4,job|25220103,1,Sectoral-102-4.25220103,establishment_period|norm2010
facility|Sectoral-102-4,job|32120105,14,Sectoral-102-4.32120105,establishment_period|norm2010
facility|Sectoral-102-4,job|32120302,11,Sectoral-102-4.32120302,establishment_period|norm2010
facility|Sectoral-102-4,job|32120403,21,Sectoral-102-4.32120403,establishment_period|norm2010
facility|Sectoral-102-4,job|32120305,24,Sectoral-102-4.32120305,establishment_period|norm2010
facility|Sectoral-102-4,job|22210103,18,Sectoral-102-4.22210103,establishment_period|norm2010
facility|Sectoral-102-4,job|22210104,11,Sectoral-102-4.22210104,establishment_period|norm2010
facility|Sectoral-102-4,job|32210102,30,Sectoral-102-4.32210102,establishment_period|norm2010
facility|Sectoral-102-4,job|33130103,1,Sectoral-102-4.33130103,establishment_period|norm2010
facility|Sectoral-102-4,job|33230104,1,Sectoral-102-4.33230104,establishment_period|norm2010
facility|Sectoral-102-4,job|33130104,2,Sectoral-102-4.33130104,establishment_period|norm2010
facility|Sectoral-102-4,job|32120106,17,Sectoral-102-4.32120106,establishment_period|norm2010
facility|Sectoral-102-4,job|32520106,11,Sectoral-102-4.32520106,establishment_period|norm2010
facility|Sectoral-102-4,job|91120101,13,Sectoral-102-4.91120101,establishment_period|norm2010
facility|Sectoral-102-4,job|54140103,12,Sectoral-102-4.54140103,establishment_period|norm2010
facility|Sectoral-102-4,job|83220101,33,Sectoral-102-4.83220101,establishment_period|norm2010
facility_type|Regional,job|11200107,0,Regional.11200107,establishment_period|norm2010
facility_type|Regional,job|13420101,1,Regional.13420101,establishment_period|norm2010
facility_type|Regional,job|13420102,1,Regional.13420102,establishment_period|norm2010
facility_type|Regional,job|13420103,1,Regional.13420103,establishment_period|norm2010
facility_type|Regional,job|21310202,1,Regional.21310202,establishment_period|norm2010
facility_type|Regional,job|21310203,1,Regional.21310203,establishment_period|norm2010
facility_type|Regional,job|21310702,0,Regional.21310702,establishment_period|norm2010
facility_type|Regional,job|21310703,0,Regional.21310703,establishment_period|norm2010
facility_type|Regional,job|21420203,1,Regional.21420203,establishment_period|norm2010
facility_type|Regional,job|21420204,1,Regional.21420204,establishment_period|norm2010
facility_type|Regional,job|21510103,0,Regional.21510103,establishment_period|norm2010
facility_type|Regional,job|21510104,1,Regional.21510104,establishment_period|norm2010
facility_type|Regional,job|22110101,0,Regional.22110101,establishment_period|norm2010
facility_type|Regional,job|22110102,1,Regional.22110102,establishment_period|norm2010
facility_type|Regional,job|22110103,10,Regional.22110103,establishment_period|norm2010
facility_type|Regional,job|22120101,1,Regional.22120101,establishment_period|norm2010
facility_type|Regional,job|22120102,1,Regional.22120102,establishment_period|norm2010
facility_type|Regional,job|22120103,1,Regional.22120103,establishment_period|norm2010
facility_type|Regional,job|22120202,1,Regional.22120202,establishment_period|norm2010
facility_type|Regional,job|22120203,1,Regional.22120203,establishment_period|norm2010
facility_type|Regional,job|22120301,1,Regional.22120301,establishment_period|norm2010
facility_type|Regional,job|22120302,1,Regional.22120302,establishment_period|norm2010
facility_type|Regional,job|22120303,1,Regional.22120303,establishment_period|norm2010
facility_type|Regional,job|22120402,1,Regional.22120402,establishment_period|norm2010
facility_type|Regional,job|22120403,1,Regional.22120403,establishment_period|norm2010
facility_type|Regional,job|22120502,1,Regional.22120502,establishment_period|norm2010
facility_type|Regional,job|22120503,1,Regional.22120503,establishment_period|norm2010
facility_type|Regional,job|22120602,1,Regional.22120602,establishment_period|norm2010
facility_type|Regional,job|22120603,1,Regional.22120603,establishment_period|norm2010
facility_type|Regional,job|22120702,1,Regional.22120702,establishment_period|norm2010
facility_type|Regional,job|22120703,1,Regional.22120703,establishment_period|norm2010
facility_type|Regional,job|22120802,1,Regional.22120802,establishment_period|norm2010
facility_type|Regional,job|22120803,1,Regional.22120803,establishment_period|norm2010
facility_type|Regional,job|22120901,1,Regional.22120901,establishment_period|norm2010
facility_type|Regional,job|22120902,1,Regional.22120902,establishment_period|norm2010
facility_type|Regional,job|22120903,1,Regional.22120903,establishment_period|norm2010
facility_type|Regional,job|22121001,1,Regional.22121001,establishment_period|norm2010
facility_type|Regional,job|22121002,1,Regional.22121002,establishment_period|norm2010
facility_type|Regional,job|22121003,1,Regional.22121003,establishment_period|norm2010
facility_type|Regional,job|22121102,1,Regional.22121102,establishment_period|norm2010
facility_type|Regional,job|22121103,1,Regional.22121103,establishment_period|norm2010
facility_type|Regional,job|22122002,1,Regional.22122002,establishment_period|norm2010
facility_type|Regional,job|22122003,1,Regional.22122003,establishment_period|norm2010
facility_type|Regional,job|22210101,1,Regional.22210101,establishment_period|norm2010
facility_type|Regional,job|22210102,2,Regional.22210102,establishment_period|norm2010
facility_type|Regional,job|22210103,5,Regional.22210103,establishment_period|norm2010
facility_type|Regional,job|22210103,5,Regional.22210103,establishment_period|norm2010
facility_type|Regional,job|22210103,45,Regional.22210103,establishment_period|norm2010
facility_type|Regional,job|22210106,23,Regional.22210106,establishment_period|norm2010
facility_type|Regional,job|22210203,2,Regional.22210203,establishment_period|norm2010
facility_type|Regional,job|22210203,2,Regional.22210203,establishment_period|norm2010
facility_type|Regional,job|22210302,1,Regional.22210302,establishment_period|norm2010
facility_type|Regional,job|22210303,5,Regional.22210303,establishment_period|norm2010
facility_type|Regional,job|22220102,13,Regional.22220102,establishment_period|norm2010
facility_type|Regional,job|22220104,18,Regional.22220104,establishment_period|norm2010
facility_type|Regional,job|22400101,1,Regional.22400101,establishment_period|norm2010
facility_type|Regional,job|22400102,1,Regional.22400102,establishment_period|norm2010
facility_type|Regional,job|22400102,1,Regional.22400102,establishment_period|norm2010
facility_type|Regional,job|22400103,1,Regional.22400103,establishment_period|norm2010
facility_type|Regional,job|22400103,1,Regional.22400103,establishment_period|norm2010
facility_type|Regional,job|22400201,1,Regional.22400201,establishment_period|norm2010
facility_type|Regional,job|22400202,1,Regional.22400202,establishment_period|norm2010
facility_type|Regional,job|22400203,4,Regional.22400203,establishment_period|norm2010
facility_type|Regional,job|22400203,4,Regional.22400203,establishment_period|norm2010
facility_type|Regional,job|22400203,2,Regional.22400203,establishment_period|norm2010
facility_type|Regional,job|22400301,1,Regional.22400301,establishment_period|norm2010
facility_type|Regional,job|22400302,3,Regional.22400302,establishment_period|norm2010
facility_type|Regional,job|22400303,2,Regional.22400303,establishment_period|norm2010
facility_type|Regional,job|22400501,3,Regional.22400501,establishment_period|norm2010
facility_type|Regional,job|22400502,1,Regional.22400502,establishment_period|norm2010
facility_type|Regional,job|22400502,3,Regional.22400502,establishment_period|norm2010
facility_type|Regional,job|22400503,8,Regional.22400503,establishment_period|norm2010
facility_type|Regional,job|22400801,1,Regional.22400801,establishment_period|norm2010
facility_type|Regional,job|22400802,2,Regional.22400802,establishment_period|norm2010
facility_type|Regional,job|22400802,1,Regional.22400802,establishment_period|norm2010
facility_type|Regional,job|22400803,4,Regional.22400803,establishment_period|norm2010
facility_type|Regional,job|22400902,1,Regional.22400902,establishment_period|norm2010
facility_type|Regional,job|22400903,1,Regional.22400903,establishment_period|norm2010
facility_type|Regional,job|22400904,1,Regional.22400904,establishment_period|norm2010
facility_type|Regional,job|22400905,2,Regional.22400905,establishment_period|norm2010
facility_type|Regional,job|22400905,1,Regional.22400905,establishment_period|norm2010
facility_type|Regional,job|22610101,0,Regional.22610101,establishment_period|norm2010
facility_type|Regional,job|22610102,1,Regional.22610102,establishment_period|norm2010
facility_type|Regional,job|22610102,0,Regional.22610102,establishment_period|norm2010
facility_type|Regional,job|22610103,1,Regional.22610103,establishment_period|norm2010
facility_type|Regional,job|22620101,1,Regional.22620101,establishment_period|norm2010
facility_type|Regional,job|22620102,1,Regional.22620102,establishment_period|norm2010
facility_type|Regional,job|22620103,1,Regional.22620103,establishment_period|norm2010
facility_type|Regional,job|22620201,1,Regional.22620201,establishment_period|norm2010
facility_type|Regional,job|22620202,3,Regional.22620202,establishment_period|norm2010
facility_type|Regional,job|22620203,2,Regional.22620203,establishment_period|norm2010
facility_type|Regional,job|22620203,2,Regional.22620203,establishment_period|norm2010
facility_type|Regional,job|22620203,1,Regional.22620203,establishment_period|norm2010
facility_type|Regional,job|22640101,1,Regional.22640101,establishment_period|norm2010
facility_type|Regional,job|22640102,1,Regional.22640102,establishment_period|norm2010
facility_type|Regional,job|22640102,1,Regional.22640102,establishment_period|norm2010
facility_type|Regional,job|22640103,1,Regional.22640103,establishment_period|norm2010
facility_type|Regional,job|22650102,1,Regional.22650102,establishment_period|norm2010
facility_type|Regional,job|22650103,1,Regional.22650103,establishment_period|norm2010
facility_type|Regional,job|22660105,1,Regional.22660105,establishment_period|norm2010
facility_type|Regional,job|22690101,1,Regional.22690101,establishment_period|norm2010
facility_type|Regional,job|22690102,1,Regional.22690102,establishment_period|norm2010
facility_type|Regional,job|22690103,1,Regional.22690103,establishment_period|norm2010
facility_type|Regional,job|24110102,1,Regional.24110102,establishment_period|norm2010
facility_type|Regional,job|24110103,1,Regional.24110103,establishment_period|norm2010
facility_type|Regional,job|24110203,1,Regional.24110203,establishment_period|norm2010
facility_type|Regional,job|24110205,1,Regional.24110205,establishment_period|norm2010
facility_type|Regional,job|24110303,0,Regional.24110303,establishment_period|norm2010
facility_type|Regional,job|26220103,1,Regional.26220103,establishment_period|norm2010
facility_type|Regional,job|26310202,0,Regional.26310202,establishment_period|norm2010
facility_type|Regional,job|26310203,0,Regional.26310203,establishment_period|norm2010
facility_type|Regional,job|26350101,1,Regional.26350101,establishment_period|norm2010
facility_type|Regional,job|26350102,1,Regional.26350102,establishment_period|norm2010
facility_type|Regional,job|26350103,2,Regional.26350103,establishment_period|norm2010
facility_type|Regional,job|26350203,0,Regional.26350203,establishment_period|norm2010
facility_type|Regional,job|31120203,2,Regional.31120203,establishment_period|norm2010
facility_type|Regional,job|32110104,1,Regional.32110104,establishment_period|norm2010
facility_type|Regional,job|32110105,1,Regional.32110105,establishment_period|norm2010
facility_type|Regional,job|32110106,1,Regional.32110106,establishment_period|norm2010
facility_type|Regional,job|32110106,2,Regional.32110106,establishment_period|norm2010
facility_type|Regional,job|32120301,1,Regional.32120301,establishment_period|norm2010
facility_type|Regional,job|32120302,2,Regional.32120302,establishment_period|norm2010
facility_type|Regional,job|32120303,2,Regional.32120303,establishment_period|norm2010
facility_type|Regional,job|32120304,0,Regional.32120304,establishment_period|norm2010
facility_type|Regional,job|32120305,3,Regional.32120305,establishment_period|norm2010
facility_type|Regional,job|32120305,2,Regional.32120305,establishment_period|norm2010
facility_type|Regional,job|32120402,2,Regional.32120402,establishment_period|norm2010
facility_type|Regional,job|32120403,2,Regional.32120403,establishment_period|norm2010
facility_type|Regional,job|32120403,0,Regional.32120403,establishment_period|norm2010
facility_type|Regional,job|32140102,1,Regional.32140102,establishment_period|norm2010
facility_type|Regional,job|32140103,1,Regional.32140103,establishment_period|norm2010
facility_type|Regional,job|32140105,1,Regional.32140105,establishment_period|norm2010
facility_type|Regional,job|32140106,1,Regional.32140106,establishment_period|norm2010
facility_type|Regional,job|32210101,0,Regional.32210101,establishment_period|norm2010
facility_type|Regional,job|32210102,93,Regional.32210102,establishment_period|norm2010
facility_type|Regional,job|32210202,8,Regional.32210202,establishment_period|norm2010
facility_type|Regional,job|32210202,7,Regional.32210202,establishment_period|norm2010
facility_type|Regional,job|32220101,0,Regional.32220101,establishment_period|norm2010
facility_type|Regional,job|32220102,38,Regional.32220102,establishment_period|norm2010
facility_type|Regional,job|32510101,1,Regional.32510101,establishment_period|norm2010
facility_type|Regional,job|32510102,2,Regional.32510102,establishment_period|norm2010
facility_type|Regional,job|32510102,1,Regional.32510102,establishment_period|norm2010
facility_type|Regional,job|32510103,2,Regional.32510103,establishment_period|norm2010
facility_type|Regional,job|32510202,1,Regional.32510202,establishment_period|norm2010
facility_type|Regional,job|32510203,1,Regional.32510203,establishment_period|norm2010
facility_type|Regional,job|32510203,2,Regional.32510203,establishment_period|norm2010
facility_type|Regional,job|32520102,1,Regional.32520102,establishment_period|norm2010
facility_type|Regional,job|32520103,2,Regional.32520103,establishment_period|norm2010
facility_type|Regional,job|32520103,2,Regional.32520103,establishment_period|norm2010
facility_type|Regional,job|32520104,1,Regional.32520104,establishment_period|norm2010
facility_type|Regional,job|32520105,0,Regional.32520105,establishment_period|norm2010
facility_type|Regional,job|32520201,0,Regional.32520201,establishment_period|norm2010
facility_type|Regional,job|32520404,0,Regional.32520404,establishment_period|norm2010
facility_type|Regional,job|32520405,2,Regional.32520405,establishment_period|norm2010
facility_type|Regional,job|32530103,0,Regional.32530103,establishment_period|norm2010
facility_type|Regional,job|32530106,0,Regional.32530106,establishment_period|norm2010
facility_type|Regional,job|33130101,1,Regional.33130101,establishment_period|norm2010
facility_type|Regional,job|33130102,1,Regional.33130102,establishment_period|norm2010
facility_type|Regional,job|33130103,1,Regional.33130103,establishment_period|norm2010
facility_type|Regional,job|33130104,4,Regional.33130104,establishment_period|norm2010
facility_type|Regional,job|33230103,1,Regional.33230103,establishment_period|norm2010
facility_type|Regional,job|33230104,1,Regional.33230104,establishment_period|norm2010
facility_type|Regional,job|33230202,1,Regional.33230202,establishment_period|norm2010
facility_type|Regional,job|33230203,1,Regional.33230203,establishment_period|norm2010
facility_type|Regional,job|33230204,1,Regional.33230204,establishment_period|norm2010
facility_type|Regional,job|33410104,1,Regional.33410104,establishment_period|norm2010
facility_type|Regional,job|33410201,1,Regional.33410201,establishment_period|norm2010
facility_type|Regional,job|41310103,2,Regional.41310103,establishment_period|norm2010
facility_type|Regional,job|41310201,1,Regional.41310201,establishment_period|norm2010
facility_type|Regional,job|41310202,2,Regional.41310202,establishment_period|norm2010
facility_type|Regional,job|42230102,2,Regional.42230102,establishment_period|norm2010
facility_type|Regional,job|42230103,2,Regional.42230103,establishment_period|norm2010
facility_type|Regional,job|43210102,1,Regional.43210102,establishment_period|norm2010
facility_type|Regional,job|43210103,1,Regional.43210103,establishment_period|norm2010
facility_type|Regional,job|43210104,2,Regional.43210104,establishment_period|norm2010
facility_type|Regional,job|44160102,1,Regional.44160102,establishment_period|norm2010
facility_type|Regional,job|44160103,2,Regional.44160103,establishment_period|norm2010
facility_type|Regional,job|44160105,1,Regional.44160105,establishment_period|norm2010
facility_type|Regional,job|51200103,1,Regional.51200103,establishment_period|norm2010
facility_type|Regional,job|51510102,1,Regional.51510102,establishment_period|norm2010
facility_type|Regional,job|53210101,35,Regional.53210101,establishment_period|norm2010
facility_type|Regional,job|53210104,2,Regional.53210104,establishment_period|norm2010
facility_type|Regional,job|53210201,0,Regional.53210201,establishment_period|norm2010
facility_type|Regional,job|53210202,8,Regional.53210202,establishment_period|norm2010
facility_type|Regional,job|53210202,4,Regional.53210202,establishment_period|norm2010
facility_type|Regional,job|53290101,2,Regional.53290101,establishment_period|norm2010
facility_type|Regional,job|53290103,5,Regional.53290103,establishment_period|norm2010
facility_type|Regional,job|53290104,3,Regional.53290104,establishment_period|norm2010
facility_type|Regional,job|53290106,2,Regional.53290106,establishment_period|norm2010
facility_type|Regional,job|53290114,0,Regional.53290114,establishment_period|norm2010
facility_type|Regional,job|54140103,10,Regional.54140103,establishment_period|norm2010
facility_type|Regional,job|54140203,1,Regional.54140203,establishment_period|norm2010
facility_type|Regional,job|71260101,1,Regional.71260101,establishment_period|norm2010
facility_type|Regional,job|71260103,1,Regional.71260103,establishment_period|norm2010
facility_type|Regional,job|71260104,2,Regional.71260104,establishment_period|norm2010
facility_type|Regional,job|74110101,1,Regional.74110101,establishment_period|norm2010
facility_type|Regional,job|81320101,1,Regional.81320101,establishment_period|norm2010
facility_type|Regional,job|81530101,2,Regional.81530101,establishment_period|norm2010
facility_type|Regional,job|83220101,5,Regional.83220101,establishment_period|norm2010
facility_type|Regional,job|91110101,3,Regional.91110101,establishment_period|norm2010
facility_type|Regional,job|91120101,2,Regional.91120101,establishment_period|norm2010
facility_type|Regional,job|91120101,3,Regional.91120101,establishment_period|norm2010
facility_type|Regional,job|91120102,2,Regional.91120102,establishment_period|norm2010
facility_type|Regional,job|91210101,8,Regional.91210101,establishment_period|norm2010
facility_type|Regional,job|94120101,8,Regional.94120101,establishment_period|norm2010
